{
  "$schema": "http://json-schema.org/draft-07/schema#",
  "title": "CompanyNewSchema",
  "type": "object",
  "properties": {
    "handle": {
      "type": "string",
      "minLength": 1,
      "description": "Unique identifier for the company."
    },
    "name": {
      "type": "string",
      "minLength": 1,
      "description": "Name of the company."
    },
    "description": {
      "type": "string",
      "description": "Description of the company."
    },
    "numEmployees": {
      "type": "integer",
      "minimum": 1,
      "description": "Number of employees in the company."
    },
    "logoUrl": {
      "type": "string",
      "format": "uri",
      "description": "URL of the company's logo."
    }
  },
  "required": [
    "handle",
    "name"
  ],
  "additionalProperties": false
}