{
    "$schema": "http://json-schema.org/draft-07/schema#",
    "title": "CompanySearchSchema",
    "type": "object",
    "properties": {
      "nameLike": {
        "type": "string",
        "description": "Part of the company name to search for (case-insensitive)."
      },
      "minEmployees": {
        "type": "number",
        "minimum": 1,
        "description": "Minimum number of employees."
      },
      "maxEmployees": {
        "type": "number",
        "minimum": 1,
        "description": "Maximum number of employees."
      }
    },
    "required": [],
    "additionalProperties": false
  }
  